{
  "variants": {
    "facing=east,half=bottom,shape=straight": {
      "model": "site19:white_wall_stairs"
    },
    "facing=west,half=bottom,shape=straight": {
      "model": "site19:white_wall_stairs",
      "y": 180,
      "uvlock": true
    },
    "facing=south,half=bottom,shape=straight": {
      "model": "site19:white_wall_stairs",
      "y": 90,
      "uvlock": true
    },
    "facing=north,half=bottom,shape=straight": {
      "model": "site19:white_wall_stairs",
      "y": 270,
      "uvlock": true
    },
    "facing=east,half=bottom,shape=outer_right": {
      "model": "site19:white_wall_outer_stairs"
    },
    "facing=west,half=bottom,shape=outer_right": {
      "model": "site19:white_wall_outer_stairs",
      "y": 180,
      "uvlock": true
    },
    "facing=south,half=bottom,shape=outer_right": {
      "model": "site19:white_wall_outer_stairs",
      "y": 90,
      "uvlock": true
    },
    "facing=north,half=bottom,shape=outer_right": {
      "model": "site19:white_wall_outer_stairs",
      "y": 270,
      "uvlock": true
    },
    "facing=east,half=bottom,shape=outer_left": {
      "model": "site19:white_wall_outer_stairs",
      "y": 270,
      "uvlock": true
    },
    "facing=west,half=bottom,shape=outer_left": {
      "model": "site19:white_wall_outer_stairs",
      "y": 90,
      "uvlock": true
    },
    "facing=south,half=bottom,shape=outer_left": {
      "model": "site19:white_wall_outer_stairs"
    },
    "facing=north,half=bottom,shape=outer_left": {
      "model": "site19:white_wall_outer_stairs",
      "y": 180,
      "uvlock": true
    },
    "facing=east,half=bottom,shape=inner_right": {
      "model": "site19:white_wall_inner_stairs"
    },
    "facing=west,half=bottom,shape=inner_right": {
      "model": "site19:white_wall_inner_stairs",
      "y": 180,
      "uvlock": true
    },
    "facing=south,half=bottom,shape=inner_right": {
      "model": "site19:white_wall_inner_stairs",
      "y": 90,
      "uvlock": true
    },
    "facing=north,half=bottom,shape=inner_right": {
      "model": "site19:white_wall_inner_stairs",
      "y": 270,
      "uvlock": true
    },
    "facing=east,half=bottom,shape=inner_left": {
      "model": "site19:white_wall_inner_stairs",
      "y": 270,
      "uvlock": true
    },
    "facing=west,half=bottom,shape=inner_left": {
      "model": "site19:white_wall_inner_stairs",
      "y": 90,
      "uvlock": true
    },
    "facing=south,half=bottom,shape=inner_left": {
      "model": "site19:white_wall_inner_stairs"
    },
    "facing=north,half=bottom,shape=inner_left": {
      "model": "site19:white_wall_inner_stairs",
      "y": 180,
      "uvlock": true
    },
    "facing=east,half=top,shape=straight": {
      "model": "site19:white_wall_stairs",
      "x": 180,
      "uvlock": true
    },
    "facing=west,half=top,shape=straight": {
      "model": "site19:white_wall_stairs",
      "x": 180,
      "y": 180,
      "uvlock": true
    },
    "facing=south,half=top,shape=straight": {
      "model": "site19:white_wall_stairs",
      "x": 180,
      "y": 90,
      "uvlock": true
    },
    "facing=north,half=top,shape=straight": {
      "model": "site19:white_wall_stairs",
      "x": 180,
      "y": 270,
      "uvlock": true
    },
    "facing=east,half=top,shape=outer_right": {
      "model": "site19:white_wall_outer_stairs",
      "x": 180,
      "uvlock": true
    },
    "facing=west,half=top,shape=outer_right": {
      "model": "site19:white_wall_outer_stairs",
      "x": 180,
      "y": 180,
      "uvlock": true
    },
    "facing=south,half=top,shape=outer_right": {
      "model": "site19:white_wall_outer_stairs",
      "x": 180,
      "y": 90,
      "uvlock": true
    },
    "facing=north,half=top,shape=outer_right": {
      "model": "site19:white_wall_outer_stairs",
      "x": 180,
      "y": 270,
      "uvlock": true
    },
    "facing=east,half=top,shape=outer_left": {
      "model": "site19:white_wall_outer_stairs",
      "x": 180,
      "y": 90,
      "uvlock": true
    },
    "facing=west,half=top,shape=outer_left": {
      "model": "site19:white_wall_outer_stairs",
      "x": 180,
      "y": 270,
      "uvlock": true
    },
    "facing=south,half=top,shape=outer_left": {
      "model": "site19:white_wall_outer_stairs",
      "x": 180,
      "y": 180,
      "uvlock": true
    },
    "facing=north,half=top,shape=outer_left": {
      "model": "site19:white_wall_outer_stairs",
      "x": 180,
      "uvlock": true
    },
    "facing=east,half=top,shape=inner_right": {
      "model": "site19:white_wall_inner_stairs",
      "x": 180,
      "uvlock": true
    },
    "facing=west,half=top,shape=inner_right": {
      "model": "site19:white_wall_inner_stairs",
      "x": 180,
      "y": 180,
      "uvlock": true
    },
    "facing=south,half=top,shape=inner_right": {
      "model": "site19:white_wall_inner_stairs",
      "x": 180,
      "y": 90,
      "uvlock": true
    },
    "facing=north,half=top,shape=inner_right": {
      "model": "site19:white_wall_inner_stairs",
      "x": 180,
      "y": 270,
      "uvlock": true
    },
    "facing=east,half=top,shape=inner_left": {
      "model": "site19:white_wall_inner_stairs",
      "x": 180,
      "y": 90,
      "uvlock": true
    },
    "facing=west,half=top,shape=inner_left": {
      "model": "site19:white_wall_inner_stairs",
      "x": 180,
      "y": 270,
      "uvlock": true
    },
    "facing=south,half=top,shape=inner_left": {
      "model": "site19:white_wall_inner_stairs",
      "x": 180,
      "y": 180,
      "uvlock": true
    },
    "facing=north,half=top,shape=inner_left": {
      "model": "site19:white_wall_inner_stairs",
      "x": 180,
      "uvlock": true
    }
  },
  "inventory": {
    "model": "site19:white_wall_stairs"
  }
}