{
	"credit": "Made by Fantomatique ( For Site 19 ) ",
	"textures": {
		"3": "blocks/bedrock",
		"particle": "blocks/bedrock"
	},
	"elements": [
		{
			"from": [0, 0, 14],
			"to": [2, 16, 16],
			"faces": {
				"north": {"uv": [16, 15, 15.5, 16], "texture": "#3"},
				"east": {"uv": [16, 15, 15.5, 16], "texture": "#3"},
				"south": {"uv": [16, 15, 15.5, 16], "texture": "#3"},
				"west": {"uv": [16, 15, 15.5, 16], "texture": "#3"},
				"up": {"uv": [16, 15, 15.5, 16], "texture": "#3"},
				"down": {"uv": [16, 15, 15.5, 16], "texture": "#3"}
			}
		},
		{
			"from": [0, 0, 0],
			"to": [2, 16, 2],
			"faces": {
				"north": {"uv": [15.5, 15, 16, 16], "texture": "#3"},
				"east": {"uv": [15.5, 15, 14.5, 16], "texture": "#3"},
				"south": {"uv": [16, 15, 15.5, 16], "texture": "#3"},
				"west": {"uv": [15.5, 15, 14.5, 16], "texture": "#3"},
				"up": {"uv": [15.5, 15, 14.5, 16], "texture": "#3"},
				"down": {"uv": [8.5, 8, 7.5, 9], "texture": "#3"}
			}
		},
		{
			"from": [14, 0, 14],
			"to": [16, 16, 16],
			"faces": {
				"north": {"uv": [16, 15, 15.5, 16], "texture": "#3"},
				"east": {"uv": [16, 15, 15.5, 16], "texture": "#3"},
				"south": {"uv": [16, 15, 15.5, 16], "texture": "#3"},
				"west": {"uv": [16, 15, 15.5, 16], "texture": "#3"},
				"up": {"uv": [16, 15, 15.5, 16], "texture": "#3"},
				"down": {"uv": [16, 15, 15.5, 16], "texture": "#3"}
			}
		},
		{
			"from": [13.99, -9.8, 10],
			"to": [15.99, 9.2, 12],
			"rotation": {"angle": -45, "axis": "x", "origin": [0, 0, 0]},
			"faces": {
				"north": {"uv": [7.5, 6.5, 8, 7], "texture": "#3"},
				"east": {"uv": [7.5, 6.5, 8, 7], "texture": "#3"},
				"south": {"uv": [7.5, 6.5, 8, 7], "texture": "#3"},
				"west": {"uv": [7.5, 6.5, 8, 7], "texture": "#3"},
				"up": {"uv": [7.5, 6.5, 8, 7], "texture": "#3"},
				"down": {"uv": [7.5, 6.5, 8, 7], "texture": "#3"}
			}
		},
		{
			"from": [6.3, -1.5, 0.01],
			"to": [8.3, 17.6, 2.01],
			"rotation": {"angle": -45, "axis": "z", "origin": [7, 7, 0]},
			"faces": {
				"north": {"uv": [7.5, 6.5, 8, 7], "texture": "#3"},
				"east": {"uv": [7.5, 6.5, 8, 7], "texture": "#3"},
				"south": {"uv": [7.5, 6.5, 8, 7], "texture": "#3"},
				"west": {"uv": [7.5, 6.5, 8, 7], "texture": "#3"},
				"up": {"uv": [7.5, 6.5, 8, 7], "texture": "#3"},
				"down": {"uv": [7.5, 6.5, 8, 7], "texture": "#3"}
			}
		},
		{
			"from": [7.1, -2.8, 13.99],
			"to": [9.1, 17, 15.99],
			"rotation": {"angle": 45, "axis": "z", "origin": [7, 7, 0]},
			"faces": {
				"north": {"uv": [7.5, 6.5, 8, 7], "texture": "#3"},
				"east": {"uv": [7.5, 6.5, 8, 7], "texture": "#3"},
				"south": {"uv": [7.5, 6.5, 8, 7], "texture": "#3"},
				"west": {"uv": [7.5, 6.5, 8, 7], "texture": "#3"},
				"up": {"uv": [7.5, 6.5, 8, 7], "texture": "#3"},
				"down": {"uv": [7.5, 6.5, 8, 7], "texture": "#3"}
			}
		},
		{
			"from": [13.99, -9.8, 10],
			"to": [15.99, 9.2, 12],
			"rotation": {"angle": -45, "axis": "x", "origin": [0, 0, 0]},
			"faces": {
				"north": {"uv": [7.5, 6.5, 8, 7], "texture": "#3"},
				"east": {"uv": [7.5, 6.5, 8, 7], "texture": "#3"},
				"south": {"uv": [7.5, 6.5, 8, 7], "texture": "#3"},
				"west": {"uv": [7.5, 6.5, 8, 7], "texture": "#3"},
				"up": {"uv": [7.5, 6.5, 8, 7], "texture": "#3"},
				"down": {"uv": [7.5, 6.5, 8, 7], "texture": "#3"}
			}
		},
		{
			"from": [13.99, -9.8, 10],
			"to": [15.99, 9.2, 12],
			"rotation": {"angle": -45, "axis": "x", "origin": [0, 0, 0]},
			"faces": {
				"north": {"uv": [7.5, 6.5, 8, 7], "texture": "#3"},
				"east": {"uv": [7.5, 6.5, 8, 7], "texture": "#3"},
				"south": {"uv": [7.5, 6.5, 8, 7], "texture": "#3"},
				"west": {"uv": [7.5, 6.5, 8, 7], "texture": "#3"},
				"up": {"uv": [7.5, 6.5, 8, 7], "texture": "#3"},
				"down": {"uv": [7.5, 6.5, 8, 7], "texture": "#3"}
			}
		},
		{
			"from": [0.01, 1.5, -0.7],
			"to": [2.01, 20.5, 1.3],
			"rotation": {"angle": 45, "axis": "x", "origin": [0, 0, 0]},
			"faces": {
				"north": {"uv": [7.5, 6.5, 8, 7], "texture": "#3"},
				"east": {"uv": [7.5, 6.5, 8, 7], "texture": "#3"},
				"south": {"uv": [7.5, 6.5, 8, 7], "texture": "#3"},
				"west": {"uv": [7.5, 6.5, 8, 7], "texture": "#3"},
				"up": {"uv": [7.5, 6.5, 8, 7], "texture": "#3"},
				"down": {"uv": [7.5, 6.5, 8, 7], "texture": "#3"}
			}
		},
		{
			"from": [14, 0, 0],
			"to": [16, 16, 2],
			"faces": {
				"north": {"uv": [15.5, 16, 16, 15], "texture": "#3"},
				"east": {"uv": [15.5, 16, 14.5, 15], "texture": "#3"},
				"south": {"uv": [16, 16, 15.5, 15], "texture": "#3"},
				"west": {"uv": [15.5, 16, 14.5, 15], "texture": "#3"},
				"up": {"uv": [15.5, 16, 14.5, 15], "texture": "#3"},
				"down": {"uv": [8.5, 9, 7.5, 8], "texture": "#3"}
			}
		},
		{
			"from": [0, 0, 0],
			"to": [16, 0.01, 16],
			"faces": {
				"north": {"uv": [15, 15.5, 16, 16], "texture": "#3"},
				"east": {"uv": [15, 15.5, 16, 16], "texture": "#3"},
				"south": {"uv": [15, 15.5, 16, 16], "texture": "#3"},
				"west": {"uv": [15, 15.5, 16, 16], "texture": "#3"},
				"up": {"uv": [15, 15.5, 16, 16], "texture": "#3"},
				"down": {"uv": [15, 15.5, 16, 16], "texture": "#3"}
			}
		}
	],
	"display": {
		"thirdperson_righthand": {
			"rotation": [75, 45, 0],
			"translation": [0, 2.5, 0],
			"scale": [0.375, 0.375, 0.375]
		},
		"thirdperson_lefthand": {
			"rotation": [75, 45, 0],
			"translation": [0, 2.5, 0],
			"scale": [0.375, 0.375, 0.375]
		},
		"firstperson_righthand": {
			"rotation": [0, 45, 0],
			"scale": [0.4, 0.4, 0.4]
		},
		"firstperson_lefthand": {
			"rotation": [0, -105, 0],
			"scale": [0.4, 0.4, 0.4]
		},
		"ground": {
			"translation": [0, 3, 0],
			"scale": [0.25, 0.25, 0.25]
		},
		"gui": {
			"rotation": [30, -140, 0],
			"scale": [0.625, 0.625, 0.625]
		},
		"head": {
			"translation": [-1, -16.5, 11.5],
			"scale": [1.05, 1.05, 1.05]
		},
		"fixed": {
			"rotation": [-90, 0, 0]
		}
	}
}