{
	"credit": "Made with Blockbench",
	"ambientocclusion": true,
	"textures": {
		"0": "site19:blocks/keycard_checker",
		"1": "site19:blocks/emblem",
		"particle": "site19:blocks/keycard_checker"
	},
	"elements": [
		{
			"from": [1, 7.06358, 3.2757],
			"to": [2, 8.06358, 4.7757],
			"rotation": {"angle": 22.5, "axis": "x", "origin": [1, 0.06358, -0.7243]},
			"faces": {
				"north": {"uv": [0, 0, 1, 1], "texture": "#0"},
				"east": {"uv": [0, 0, 1.5, 1], "texture": "#0"},
				"south": {"uv": [0, 0, 1, 1], "texture": "#0"},
				"west": {"uv": [0, 0, 1.5, 1], "texture": "#0"},
				"up": {"uv": [0, 0, 1, 1.5], "texture": "#0"},
				"down": {"uv": [0, 0, 1, 1.5], "texture": "#0"}
			}
		},
		{
			"from": [1, 9.07823, 9.01595],
			"to": [2, 10.07823, 10.51595],
			"rotation": {"angle": -22.5, "axis": "x", "origin": [1, 2.07823, 5.01595]},
			"faces": {
				"north": {"uv": [0, 0, 1, 1], "texture": "#0"},
				"east": {"uv": [0, 0, 1.5, 1], "texture": "#0"},
				"south": {"uv": [0, 0, 1, 1], "texture": "#0"},
				"west": {"uv": [0, 0, 1.5, 1], "texture": "#0"},
				"up": {"uv": [0, 0, 1, 1.5], "texture": "#0"},
				"down": {"uv": [0, 0, 1, 1.5], "texture": "#0"}
			}
		},
		{
			"from": [1, 5.92177, 5.55569],
			"to": [2, 6.92177, 7.05569],
			"rotation": {"angle": -22.5, "axis": "x", "origin": [1, 13.92177, 11.05569]},
			"faces": {
				"north": {"uv": [0, 0, 1, 1], "rotation": 180, "texture": "#0"},
				"east": {"uv": [0, 0, 1.5, 1], "rotation": 180, "texture": "#0"},
				"south": {"uv": [0, 0, 1, 1], "rotation": 180, "texture": "#0"},
				"west": {"uv": [0, 0, 1.5, 1], "rotation": 180, "texture": "#0"},
				"up": {"uv": [0, 0, 1, 1.5], "texture": "#0"},
				"down": {"uv": [0, 0, 1, 1.5], "texture": "#0"}
			}
		},
		{
			"from": [1, 12.71372, 6.27883],
			"to": [2, 13.71372, 7.77883],
			"rotation": {"angle": 22.5, "axis": "x", "origin": [1, 5.71372, 2.27883]},
			"faces": {
				"north": {"uv": [0, 0, 1, 1], "texture": "#0"},
				"east": {"uv": [0, 0, 1.5, 1], "texture": "#0"},
				"south": {"uv": [0, 0, 1, 1], "texture": "#0"},
				"west": {"uv": [0, 0, 1.5, 1], "texture": "#0"},
				"up": {"uv": [0, 0, 1, 1.5], "texture": "#0"},
				"down": {"uv": [0, 0, 1, 1.5], "texture": "#0"}
			}
		},
		{
			"from": [1, 4.42597, 7.03582],
			"to": [2, 5.42597, 9.03582],
			"rotation": {"angle": 0, "axis": "y", "origin": [-7, -2.57612, -1.96732]},
			"faces": {
				"north": {"uv": [0, 0, 1, 1], "texture": "#0"},
				"east": {"uv": [0, 0, 2, 1], "texture": "#0"},
				"south": {"uv": [0, 0, 1, 1], "texture": "#0"},
				"west": {"uv": [0, 0, 2, 1], "texture": "#0"},
				"up": {"uv": [0, 0, 1, 2], "texture": "#0"},
				"down": {"uv": [0, 0, 1, 2], "texture": "#0"}
			}
		},
		{
			"from": [1, 10.57403, 7.03582],
			"to": [2, 11.57403, 9.03582],
			"rotation": {"angle": 0, "axis": "y", "origin": [-7, 3.57193, -1.96732]},
			"faces": {
				"north": {"uv": [0, 0, 1, 1], "texture": "#0"},
				"east": {"uv": [0, 0, 2, 1], "texture": "#0"},
				"south": {"uv": [0, 0, 1, 1], "texture": "#0"},
				"west": {"uv": [0, 0, 2, 1], "texture": "#0"},
				"up": {"uv": [0, 0, 1, 2], "texture": "#0"},
				"down": {"uv": [0, 0, 1, 2], "texture": "#0"}
			}
		},
		{
			"from": [1, 5, 5.65],
			"to": [2, 11, 10.42],
			"rotation": {"angle": 0, "axis": "y", "origin": [1, 0, 0]},
			"faces": {
				"north": {"uv": [0, 0, 1, 6], "texture": "#0"},
				"east": {"uv": [0, 0, 4.77, 6], "texture": "#0"},
				"south": {"uv": [0, 0, 1, 6], "texture": "#0"},
				"west": {"uv": [0, 0, 4.77, 6], "texture": "#0"},
				"up": {"uv": [0, 0, 1, 4.77], "texture": "#0"},
				"down": {"uv": [0, 0, 1, 4.77], "texture": "#0"}
			}
		},
		{
			"from": [2, 6, 6.35],
			"to": [2.08, 6.2, 9.65],
			"rotation": {"angle": 0, "axis": "y", "origin": [1, 6, 6]},
			"faces": {
				"north": {"uv": [14.75, 13, 16, 15.95], "texture": "#0"},
				"east": {"uv": [14.5, 13.05, 16, 16], "texture": "#0"},
				"south": {"uv": [14.75, 12.8, 16, 16], "texture": "#0"},
				"west": {"uv": [14.75, 13, 16, 16], "texture": "#0"},
				"up": {"uv": [14.75, 13, 16, 16], "texture": "#0"},
				"down": {"uv": [14.75, 13, 16, 16], "texture": "#0"}
			}
		},
		{
			"from": [2, 9, 7],
			"to": [2.01, 11, 9],
			"rotation": {"angle": 0, "axis": "y", "origin": [1, 9, 7]},
			"faces": {
				"north": {"uv": [0, 0, 0, 0], "texture": "#1"},
				"east": {"uv": [0, 0, 16, 16], "texture": "#1"},
				"south": {"uv": [0, 0, 0, 0], "texture": "#1"},
				"west": {"uv": [0, 0, 0, 0], "texture": "#1"},
				"up": {"uv": [0, 0, 0, 0], "texture": "#1"},
				"down": {"uv": [0, 0, 0, 0], "texture": "#1"}
			}
		},
		{
			"name": "hexadecagon",
			"from": [2, 7.90054, 7.5],
			"to": [2.2, 8.09946, 8.5],
			"rotation": {"angle": -45, "axis": "x", "origin": [9, 8, 8]},
			"faces": {
				"north": {"uv": [0, 15, 1, 16], "texture": "#0"},
				"east": {"uv": [0, 15, 1, 16], "texture": "#0"},
				"south": {"uv": [0, 15, 1, 16], "texture": "#0"},
				"west": {"uv": [0, 15, 1, 16], "texture": "#0"},
				"up": {"uv": [0, 15, 1, 16], "texture": "#0"},
				"down": {"uv": [0, 15, 1, 16], "texture": "#0"}
			}
		},
		{
			"name": "hexadecagon",
			"from": [2, 7.90054, 7.5],
			"to": [2.2, 8.09946, 8.5],
			"rotation": {"angle": -22.5, "axis": "x", "origin": [9, 8, 8]},
			"faces": {
				"north": {"uv": [0, 15, 1, 16], "texture": "#0"},
				"east": {"uv": [0, 15, 1, 16], "texture": "#0"},
				"south": {"uv": [0, 15, 1, 16], "texture": "#0"},
				"west": {"uv": [0, 15, 1, 16], "texture": "#0"},
				"up": {"uv": [0, 15, 1, 16], "texture": "#0"},
				"down": {"uv": [0, 15, 1, 16], "texture": "#0"}
			}
		},
		{
			"name": "hexadecagon",
			"from": [2, 7.90054, 7.5],
			"to": [2.2, 8.09946, 8.5],
			"rotation": {"angle": 0, "axis": "x", "origin": [9, 8, 8]},
			"faces": {
				"north": {"uv": [0, 15, 1, 16], "texture": "#0"},
				"east": {"uv": [0, 15, 1, 16], "texture": "#0"},
				"south": {"uv": [0, 15, 1, 16], "texture": "#0"},
				"west": {"uv": [0, 15, 1, 16], "texture": "#0"},
				"up": {"uv": [0, 15, 1, 16], "texture": "#0"},
				"down": {"uv": [0, 15, 1, 16], "texture": "#0"}
			}
		},
		{
			"name": "hexadecagon",
			"from": [2, 7.90054, 7.5],
			"to": [2.2, 8.09946, 8.5],
			"rotation": {"angle": 22.5, "axis": "x", "origin": [9, 8, 8]},
			"faces": {
				"north": {"uv": [0, 15, 1, 16], "texture": "#0"},
				"east": {"uv": [0, 15, 1, 16], "texture": "#0"},
				"south": {"uv": [0, 15, 1, 16], "texture": "#0"},
				"west": {"uv": [0, 15, 1, 16], "texture": "#0"},
				"up": {"uv": [0, 15, 1, 16], "texture": "#0"},
				"down": {"uv": [0, 15, 1, 16], "texture": "#0"}
			}
		},
		{
			"name": "hexadecagon",
			"from": [2, 7.90054, 7.5],
			"to": [2.2, 8.09946, 8.5],
			"rotation": {"angle": 45, "axis": "x", "origin": [9, 8, 8]},
			"faces": {
				"north": {"uv": [0, 15, 1, 16], "texture": "#0"},
				"east": {"uv": [0, 15, 1, 16], "texture": "#0"},
				"south": {"uv": [0, 15, 1, 16], "texture": "#0"},
				"west": {"uv": [0, 15, 1, 16], "texture": "#0"},
				"up": {"uv": [0, 15, 1, 16], "texture": "#0"},
				"down": {"uv": [0, 15, 1, 16], "texture": "#0"}
			}
		},
		{
			"name": "hexadecagon",
			"from": [2, 7.5, 7.90054],
			"to": [2.2, 8.5, 8.09946],
			"rotation": {"angle": -22.5, "axis": "x", "origin": [9, 8, 8]},
			"faces": {
				"north": {"uv": [0, 15, 1, 16], "texture": "#0"},
				"east": {"uv": [0, 15, 1, 16], "texture": "#0"},
				"south": {"uv": [0, 15, 1, 16], "texture": "#0"},
				"west": {"uv": [0, 15, 1, 16], "texture": "#0"},
				"up": {"uv": [0, 15, 1, 16], "texture": "#0"},
				"down": {"uv": [0, 15, 1, 16], "texture": "#0"}
			}
		},
		{
			"name": "hexadecagon",
			"from": [2, 7.5, 7.90054],
			"to": [2.2, 8.5, 8.09946],
			"rotation": {"angle": 0, "axis": "x", "origin": [9, 8, 8]},
			"faces": {
				"north": {"uv": [0, 15, 1, 16], "texture": "#0"},
				"east": {"uv": [0, 15, 1, 16], "texture": "#0"},
				"south": {"uv": [0, 15, 1, 16], "texture": "#0"},
				"west": {"uv": [0, 15, 1, 16], "texture": "#0"},
				"up": {"uv": [0, 15, 1, 16], "texture": "#0"},
				"down": {"uv": [0, 15, 1, 16], "texture": "#0"}
			}
		},
		{
			"name": "hexadecagon",
			"from": [2, 7.5, 7.90054],
			"to": [2.2, 8.5, 8.09946],
			"rotation": {"angle": 22.5, "axis": "x", "origin": [9, 8, 8]},
			"faces": {
				"north": {"uv": [0, 15, 1, 16], "texture": "#0"},
				"east": {"uv": [0, 15, 1, 16], "texture": "#0"},
				"south": {"uv": [0, 15, 1, 16], "texture": "#0"},
				"west": {"uv": [0, 15, 1, 16], "texture": "#0"},
				"up": {"uv": [0, 15, 1, 16], "texture": "#0"},
				"down": {"uv": [0, 15, 1, 16], "texture": "#0"}
			}
		},
		{
			"name": "hexadecagon",
			"from": [2, 7.95027, 7.75],
			"to": [2.3, 8.04973, 8.25],
			"rotation": {"angle": -45, "axis": "x", "origin": [2.5, 8, 8]},
			"faces": {
				"north": {"uv": [15, 15, 16, 16], "texture": "#0"},
				"east": {"uv": [15, 13.75, 16, 14.75], "texture": "#0"},
				"south": {"uv": [15, 14, 16, 15], "texture": "#0"},
				"west": {"uv": [15, 15, 16, 16], "texture": "#0"},
				"up": {"uv": [15.25, 15, 16, 15.75], "texture": "#0"},
				"down": {"uv": [15, 14.75, 16, 15.75], "texture": "#0"}
			}
		},
		{
			"name": "hexadecagon",
			"from": [2, 7.95027, 7.75],
			"to": [2.3, 8.04973, 8.25],
			"rotation": {"angle": -22.5, "axis": "x", "origin": [2.5, 8, 8]},
			"faces": {
				"north": {"uv": [15, 15, 16, 16], "texture": "#0"},
				"east": {"uv": [15, 13.75, 16, 14.75], "texture": "#0"},
				"south": {"uv": [15, 14, 16, 15], "texture": "#0"},
				"west": {"uv": [15, 15, 16, 16], "texture": "#0"},
				"up": {"uv": [15.25, 15, 16, 15.75], "texture": "#0"},
				"down": {"uv": [15, 14.75, 16, 15.75], "texture": "#0"}
			}
		},
		{
			"name": "hexadecagon",
			"from": [2, 7.95027, 7.75],
			"to": [2.3, 8.04973, 8.25],
			"rotation": {"angle": 0, "axis": "x", "origin": [2.5, 8, 8]},
			"faces": {
				"north": {"uv": [15, 15, 16, 16], "texture": "#0"},
				"east": {"uv": [15, 13.75, 16, 14.75], "texture": "#0"},
				"south": {"uv": [15, 14, 16, 15], "texture": "#0"},
				"west": {"uv": [15, 15, 16, 16], "texture": "#0"},
				"up": {"uv": [15.25, 15, 16, 15.75], "texture": "#0"},
				"down": {"uv": [15, 14.75, 16, 15.75], "texture": "#0"}
			}
		},
		{
			"name": "hexadecagon",
			"from": [2, 7.95027, 7.75],
			"to": [2.3, 8.04973, 8.25],
			"rotation": {"angle": 22.5, "axis": "x", "origin": [2.5, 8, 8]},
			"faces": {
				"north": {"uv": [15, 15, 16, 16], "texture": "#0"},
				"east": {"uv": [15, 13.75, 16, 14.75], "texture": "#0"},
				"south": {"uv": [15, 14, 16, 15], "texture": "#0"},
				"west": {"uv": [15, 15, 16, 16], "texture": "#0"},
				"up": {"uv": [15.25, 15, 16, 15.75], "texture": "#0"},
				"down": {"uv": [15, 14.75, 16, 15.75], "texture": "#0"}
			}
		},
		{
			"name": "hexadecagon",
			"from": [2, 7.95027, 7.75],
			"to": [2.3, 8.04973, 8.25],
			"rotation": {"angle": 45, "axis": "x", "origin": [2.5, 8, 8]},
			"faces": {
				"north": {"uv": [15, 15, 16, 16], "texture": "#0"},
				"east": {"uv": [15, 13.75, 16, 14.75], "texture": "#0"},
				"south": {"uv": [15, 14, 16, 15], "texture": "#0"},
				"west": {"uv": [15, 15, 16, 16], "texture": "#0"},
				"up": {"uv": [15.25, 15, 16, 15.75], "texture": "#0"},
				"down": {"uv": [15, 14.75, 16, 15.75], "texture": "#0"}
			}
		},
		{
			"name": "hexadecagon",
			"from": [2, 7.75, 7.95027],
			"to": [2.3, 8.25, 8.04973],
			"rotation": {"angle": -22.5, "axis": "x", "origin": [2.5, 8, 8]},
			"faces": {
				"north": {"uv": [15, 15, 16, 16], "texture": "#0"},
				"east": {"uv": [15, 13.75, 16, 14.75], "texture": "#0"},
				"south": {"uv": [15, 14, 16, 15], "texture": "#0"},
				"west": {"uv": [15, 15, 16, 16], "texture": "#0"},
				"up": {"uv": [15.25, 15, 16, 15.75], "texture": "#0"},
				"down": {"uv": [15, 14.75, 16, 15.75], "texture": "#0"}
			}
		},
		{
			"name": "hexadecagon",
			"from": [2, 7.75, 7.95027],
			"to": [2.3, 8.25, 8.04973],
			"rotation": {"angle": 0, "axis": "x", "origin": [2.5, 8, 8]},
			"faces": {
				"north": {"uv": [15, 15, 16, 16], "texture": "#0"},
				"east": {"uv": [15, 13.75, 16, 14.75], "texture": "#0"},
				"south": {"uv": [15, 14, 16, 15], "texture": "#0"},
				"west": {"uv": [15, 15, 16, 16], "texture": "#0"},
				"up": {"uv": [15.25, 15, 16, 15.75], "texture": "#0"},
				"down": {"uv": [15, 14.75, 16, 15.75], "texture": "#0"}
			}
		},
		{
			"name": "hexadecagon",
			"from": [2, 7.75, 7.95027],
			"to": [2.3, 8.25, 8.04973],
			"rotation": {"angle": 22.5, "axis": "x", "origin": [2.5, 8, 8]},
			"faces": {
				"north": {"uv": [15, 15, 16, 16], "texture": "#0"},
				"east": {"uv": [15, 13.75, 16, 14.75], "texture": "#0"},
				"south": {"uv": [15, 14, 16, 15], "texture": "#0"},
				"west": {"uv": [15, 15, 16, 16], "texture": "#0"},
				"up": {"uv": [15.25, 15, 16, 15.75], "texture": "#0"},
				"down": {"uv": [15, 14.75, 16, 15.75], "texture": "#0"}
			}
		},
		{
			"from": [1.1, 6.05, 6.4],
			"to": [2.1, 6.075, 9.6],
			"rotation": {"angle": 0, "axis": "y", "origin": [1, 0, 0]},
			"faces": {
				"north": {"uv": [0, 0, 1, 0.025], "texture": "#0"},
				"east": {"uv": [0, 0, 3.2, 0.025], "texture": "#0"},
				"south": {"uv": [0, 0, 1, 0.025], "texture": "#0"},
				"west": {"uv": [0, 0, 3.2, 0.025], "texture": "#0"},
				"up": {"uv": [0, 0, 1, 3.2], "texture": "#0"},
				"down": {"uv": [0, 0, 1, 3.2], "texture": "#0"}
			}
		},
		{
			"from": [1.1, 6.12, 6.4],
			"to": [2.1, 6.145, 9.6],
			"rotation": {"angle": 0, "axis": "y", "origin": [1, 0, 0]},
			"faces": {
				"north": {"uv": [0, 0, 1, 0.025], "texture": "#0"},
				"east": {"uv": [0, 0, 3.2, 0.025], "texture": "#0"},
				"south": {"uv": [0, 0, 1, 0.025], "texture": "#0"},
				"west": {"uv": [0, 0, 3.2, 0.025], "texture": "#0"},
				"up": {"uv": [0, 0, 1, 3.2], "texture": "#0"},
				"down": {"uv": [0, 0, 1, 3.2], "texture": "#0"}
			}
		},
		{
			"from": [1.1, 6.05, 6.4],
			"to": [2.1, 6.145, 6.425],
			"rotation": {"angle": 0, "axis": "y", "origin": [1, 0, 0]},
			"faces": {
				"north": {"uv": [0, 0, 1, 0.095], "texture": "#0"},
				"east": {"uv": [0, 0, 0.025, 0.095], "texture": "#0"},
				"south": {"uv": [0, 0, 1, 0.095], "texture": "#0"},
				"west": {"uv": [0, 0, 0.025, 0.095], "texture": "#0"},
				"up": {"uv": [0, 0, 1, 0.025], "texture": "#0"},
				"down": {"uv": [0, 0, 1, 0.025], "texture": "#0"}
			}
		},
		{
			"from": [1.1, 6.05, 9.58],
			"to": [2.1, 6.145, 9.605],
			"rotation": {"angle": 0, "axis": "y", "origin": [1, 0, 0]},
			"faces": {
				"north": {"uv": [0, 0, 1, 0.095], "texture": "#0"},
				"east": {"uv": [0, 0, 0.025, 0.095], "texture": "#0"},
				"south": {"uv": [0, 0, 1, 0.095], "texture": "#0"},
				"west": {"uv": [0, 0, 0.025, 0.095], "texture": "#0"},
				"up": {"uv": [0, 0, 1, 0.025], "texture": "#0"},
				"down": {"uv": [0, 0, 1, 0.025], "texture": "#0"}
			}
		}
	],
	"display": {
		"thirdperson_righthand": {
			"rotation": [2, 0, 0],
			"translation": [-1.75, 3.5, 0]
		}
	},
	"groups": [
		{
			"name": "group",
			"origin": [-8, -3.07403, 0.03582],
			"color": 7,
			"children": [0, 1, 2, 3, 4, 5, 6]
		},
		7,
		8,
		{
			"name": "hexadecagon",
			"origin": [8, 8, 8],
			"color": 0,
			"children": [9, 10, 11, 12, 13, 14, 15, 16]
		},
		{
			"name": "hexadecagon",
			"origin": [8, 8, 8],
			"color": 0,
			"children": [17, 18, 19, 20, 21, 22, 23, 24]
		},
		25,
		26,
		27,
		28
	]
}