{
	"credit": "Made with Blockbench",
	"texture_size": [64, 64],
	"textures": {
		"0": "site19:blocks/hardened_clay_stained_cyan",
		"1": "site19:blocks/dirt",
		"2": "site19:blocks/bois",
		"3": "site19:blocks/leaves",
		"particle": "site19:blocks/dirt"
	},
	"elements": [
		{
			"name": "hexadecagon",
			"from": [6.4087, 0, 0],
			"to": [9.5913, 8, 1],
			"rotation": {"angle": -45, "axis": "y", "origin": [8, 8, 8]},
			"faces": {
				"north": {"uv": [7.75, 4.4375, 8.5625, 6.4375], "texture": "#0"},
				"east": {"uv": [3.625, 11.4375, 3.875, 13.4375], "texture": "#0"},
				"south": {"uv": [7.5625, 3.625, 8.375, 5.625], "texture": "#0"},
				"west": {"uv": [8, 0, 8.25, 2], "texture": "#0"},
				"up": {"uv": [10.875, 10.625, 10.0625, 10.375], "texture": "#0"},
				"down": {"uv": [8.8125, 8, 8, 8.25], "texture": "#0"}
			}
		},
		{
			"name": "hexadecagon",
			"from": [6.4087, 0, 0],
			"to": [9.5913, 8, 1],
			"rotation": {"angle": -22.5, "axis": "y", "origin": [8, 8, 8]},
			"faces": {
				"north": {"uv": [7.75, 6.4375, 8.5625, 8.4375], "texture": "#0"},
				"east": {"uv": [3.875, 11.4375, 4.125, 13.4375], "texture": "#0"},
				"south": {"uv": [8.5625, 3.625, 9.375, 5.625], "texture": "#0"},
				"west": {"uv": [0.5, 8, 0.75, 10], "texture": "#0"},
				"up": {"uv": [12.125, 2.625, 11.3125, 2.375], "texture": "#0"},
				"down": {"uv": [9.0625, 0.25, 8.25, 0.5], "texture": "#0"}
			}
		},
		{
			"name": "hexadecagon",
			"from": [6.4087, 0, 0],
			"to": [9.5913, 8, 1],
			"rotation": {"angle": 0, "axis": "y", "origin": [8, 8, 8]},
			"faces": {
				"north": {"uv": [8.75, 6.4375, 9.5625, 8.4375], "texture": "#0"},
				"east": {"uv": [4.375, 11.4375, 4.625, 13.4375], "texture": "#0"},
				"south": {"uv": [8.5625, 5.625, 9.375, 7.625], "texture": "#0"},
				"west": {"uv": [1, 8, 1.25, 10], "texture": "#0"},
				"up": {"uv": [12.125, 3.125, 11.3125, 2.875], "texture": "#0"},
				"down": {"uv": [9.0625, 0.75, 8.25, 1], "texture": "#0"}
			}
		},
		{
			"name": "hexadecagon",
			"from": [6.4087, 0, 0],
			"to": [9.5913, 8, 1],
			"rotation": {"angle": 22.5, "axis": "y", "origin": [8, 8, 8]},
			"faces": {
				"north": {"uv": [10.75, 4.4375, 11.5625, 6.4375], "texture": "#0"},
				"east": {"uv": [4.875, 11.4375, 5.125, 13.4375], "texture": "#0"},
				"south": {"uv": [9.5625, 5.625, 10.375, 7.625], "texture": "#0"},
				"west": {"uv": [1.5, 8, 1.75, 10], "texture": "#0"},
				"up": {"uv": [12.125, 3.625, 11.3125, 3.375], "texture": "#0"},
				"down": {"uv": [9.0625, 1.25, 8.25, 1.5], "texture": "#0"}
			}
		},
		{
			"name": "hexadecagon",
			"from": [6.4087, 0, 0],
			"to": [9.5913, 8, 1],
			"rotation": {"angle": 45, "axis": "y", "origin": [8, 8, 8]},
			"faces": {
				"north": {"uv": [7.75, 8.4375, 8.5625, 10.4375], "texture": "#0"},
				"east": {"uv": [5.375, 11.4375, 5.625, 13.4375], "texture": "#0"},
				"south": {"uv": [10.5625, 3.625, 11.375, 5.625], "texture": "#0"},
				"west": {"uv": [2, 8, 2.25, 10], "texture": "#0"},
				"up": {"uv": [12.125, 4.125, 11.3125, 3.875], "texture": "#0"},
				"down": {"uv": [9.0625, 1.75, 8.25, 2], "texture": "#0"}
			}
		},
		{
			"name": "hexadecagon",
			"from": [6.4087, 0, 15],
			"to": [9.5913, 8, 16],
			"rotation": {"angle": -45, "axis": "y", "origin": [8, 8, 8]},
			"faces": {
				"north": {"uv": [8.75, 8.4375, 9.5625, 10.4375], "texture": "#0"},
				"east": {"uv": [11.625, 5.4375, 11.875, 7.4375], "texture": "#0"},
				"south": {"uv": [8.5625, 7.625, 9.375, 9.625], "texture": "#0"},
				"west": {"uv": [2.25, 8, 2.5, 10], "texture": "#0"},
				"up": {"uv": [12.125, 4.625, 11.3125, 4.375], "texture": "#0"},
				"down": {"uv": [9.0625, 2.25, 8.25, 2.5], "texture": "#0"}
			}
		},
		{
			"name": "hexadecagon",
			"from": [6.4087, 0, 15],
			"to": [9.5913, 8, 16],
			"rotation": {"angle": -22.5, "axis": "y", "origin": [8, 8, 8]},
			"faces": {
				"north": {"uv": [11.75, 6.4375, 12.5625, 8.4375], "texture": "#0"},
				"east": {"uv": [6.125, 11.4375, 6.375, 13.4375], "texture": "#0"},
				"south": {"uv": [9.5625, 7.625, 10.375, 9.625], "texture": "#0"},
				"west": {"uv": [2.75, 8, 3, 10], "texture": "#0"},
				"up": {"uv": [12.125, 5.125, 11.3125, 4.875], "texture": "#0"},
				"down": {"uv": [9.0625, 2.75, 8.25, 3], "texture": "#0"}
			}
		},
		{
			"name": "hexadecagon",
			"from": [6.4087, 0, 15],
			"to": [9.5913, 8, 16],
			"rotation": {"angle": 0, "axis": "y", "origin": [8, 8, 8]},
			"faces": {
				"north": {"uv": [11.75, 8.4375, 12.5625, 10.4375], "texture": "#0"},
				"east": {"uv": [6.625, 11.4375, 6.875, 13.4375], "texture": "#0"},
				"south": {"uv": [11.5625, 3.625, 12.375, 5.625], "texture": "#0"},
				"west": {"uv": [3.25, 8, 3.5, 10], "texture": "#0"},
				"up": {"uv": [12.125, 5.625, 11.3125, 5.375], "texture": "#0"},
				"down": {"uv": [9.0625, 3.25, 8.25, 3.5], "texture": "#0"}
			}
		},
		{
			"name": "hexadecagon",
			"from": [6.4087, 0, 15],
			"to": [9.5913, 8, 16],
			"rotation": {"angle": 22.5, "axis": "y", "origin": [8, 8, 8]},
			"faces": {
				"north": {"uv": [12.75, 6.4375, 13.5625, 8.4375], "texture": "#0"},
				"east": {"uv": [7.125, 11.4375, 7.375, 13.4375], "texture": "#0"},
				"south": {"uv": [11.5625, 7.625, 12.375, 9.625], "texture": "#0"},
				"west": {"uv": [3.75, 8, 4, 10], "texture": "#0"},
				"up": {"uv": [12.125, 6.125, 11.3125, 5.875], "texture": "#0"},
				"down": {"uv": [9.0625, 3.75, 8.25, 4], "texture": "#0"}
			}
		},
		{
			"name": "hexadecagon",
			"from": [6.4087, 0, 15],
			"to": [9.5913, 8, 16],
			"rotation": {"angle": 45, "axis": "y", "origin": [8, 8, 8]},
			"faces": {
				"north": {"uv": [7.75, 10.4375, 8.5625, 12.4375], "texture": "#0"},
				"east": {"uv": [7.625, 11.4375, 7.875, 13.4375], "texture": "#0"},
				"south": {"uv": [12.5625, 3.625, 13.375, 5.625], "texture": "#0"},
				"west": {"uv": [8, 4, 8.25, 6], "texture": "#0"},
				"up": {"uv": [12.125, 6.625, 11.3125, 6.375], "texture": "#0"},
				"down": {"uv": [9.0625, 4.25, 8.25, 4.5], "texture": "#0"}
			}
		},
		{
			"name": "hexadecagon",
			"from": [0, 0, 6.4087],
			"to": [1, 8, 9.5913],
			"rotation": {"angle": -22.5, "axis": "y", "origin": [8, 8, 8]},
			"faces": {
				"north": {"uv": [12, 12.4375, 12.25, 14.4375], "texture": "#0"},
				"east": {"uv": [4.625, 9.4375, 5.4375, 11.4375], "texture": "#0"},
				"south": {"uv": [11.0625, 11.625, 11.3125, 13.625], "texture": "#0"},
				"west": {"uv": [2, 6, 2.8125, 8], "texture": "#0"},
				"up": {"uv": [11.5625, 7.6875, 11.3125, 6.875], "texture": "#0"},
				"down": {"uv": [8.5, 5.5, 8.25, 6.3125], "texture": "#0"}
			}
		},
		{
			"name": "hexadecagon",
			"from": [0, 0, 6.4087],
			"to": [1, 8, 9.5913],
			"rotation": {"angle": 0, "axis": "y", "origin": [8, 8, 8]},
			"faces": {
				"north": {"uv": [12.5, 12.4375, 12.75, 14.4375], "texture": "#0"},
				"east": {"uv": [9.625, 5.4375, 10.4375, 7.4375], "texture": "#0"},
				"south": {"uv": [11.5625, 11.625, 11.8125, 13.625], "texture": "#0"},
				"west": {"uv": [3, 6, 3.8125, 8], "texture": "#0"},
				"up": {"uv": [11.5625, 9.6875, 11.3125, 8.875], "texture": "#0"},
				"down": {"uv": [7.25, 8.25, 7, 9.0625], "texture": "#0"}
			}
		},
		{
			"name": "hexadecagon",
			"from": [0, 0, 6.4087],
			"to": [1, 8, 9.5913],
			"rotation": {"angle": 22.5, "axis": "y", "origin": [8, 8, 8]},
			"faces": {
				"north": {"uv": [13, 12.4375, 13.25, 14.4375], "texture": "#0"},
				"east": {"uv": [7.625, 9.4375, 8.4375, 11.4375], "texture": "#0"},
				"south": {"uv": [12.0625, 11.625, 12.3125, 13.625], "texture": "#0"},
				"west": {"uv": [6, 4, 6.8125, 6], "texture": "#0"},
				"up": {"uv": [10.5625, 11.4375, 10.3125, 10.625], "texture": "#0"},
				"down": {"uv": [7.75, 8.25, 7.5, 9.0625], "texture": "#0"}
			}
		},
		{
			"name": "hexadecagon",
			"from": [15, 0, 6.4087],
			"to": [16, 8, 9.5913],
			"rotation": {"angle": -22.5, "axis": "y", "origin": [8, 8, 8]},
			"faces": {
				"north": {"uv": [13.5, 12.4375, 13.75, 14.4375], "texture": "#0"},
				"east": {"uv": [8.625, 9.4375, 9.4375, 11.4375], "texture": "#0"},
				"south": {"uv": [12.5625, 11.625, 12.8125, 13.625], "texture": "#0"},
				"west": {"uv": [6, 6, 6.8125, 8], "texture": "#0"},
				"up": {"uv": [11.0625, 11.4375, 10.8125, 10.625], "texture": "#0"},
				"down": {"uv": [8.25, 8.25, 8, 9.0625], "texture": "#0"}
			}
		},
		{
			"name": "hexadecagon",
			"from": [15, 0, 6.4087],
			"to": [16, 8, 9.5913],
			"rotation": {"angle": 0, "axis": "y", "origin": [8, 8, 8]},
			"faces": {
				"north": {"uv": [15.75, 10.4375, 16, 12.4375], "texture": "#0"},
				"east": {"uv": [10.625, 3.4375, 11.4375, 5.4375], "texture": "#0"},
				"south": {"uv": [12.8125, 11.625, 13.0625, 13.625], "texture": "#0"},
				"west": {"uv": [7, 2, 7.8125, 4], "texture": "#0"},
				"up": {"uv": [11.5625, 11.4375, 11.3125, 10.625], "texture": "#0"},
				"down": {"uv": [8.75, 4.5, 8.5, 5.3125], "texture": "#0"}
			}
		},
		{
			"name": "hexadecagon",
			"from": [15, 0, 6.4087],
			"to": [16, 8, 9.5913],
			"rotation": {"angle": 22.5, "axis": "y", "origin": [8, 8, 8]},
			"faces": {
				"north": {"uv": [14.25, 12.4375, 14.5, 14.4375], "texture": "#0"},
				"east": {"uv": [10.625, 7.4375, 11.4375, 9.4375], "texture": "#0"},
				"south": {"uv": [13.3125, 11.625, 13.5625, 13.625], "texture": "#0"},
				"west": {"uv": [7, 6, 7.8125, 8], "texture": "#0"},
				"up": {"uv": [11.8125, 8.6875, 11.5625, 7.875], "texture": "#0"},
				"down": {"uv": [8.75, 6.5, 8.5, 7.3125], "texture": "#0"}
			}
		},
		{
			"name": "hexadecagon",
			"from": [6.60761, 0, 1],
			"to": [9.39239, 7, 15],
			"rotation": {"angle": -45, "axis": "y", "origin": [8, 8, 8]},
			"faces": {
				"north": {"uv": [0, 0, 15, 16], "texture": "#1"},
				"east": {"uv": [1, 0, 16, 16], "texture": "#1"},
				"south": {"uv": [1, 0, 16, 16], "texture": "#1"},
				"west": {"uv": [1, 0, 16, 16], "texture": "#1"},
				"up": {"uv": [1, 0, 16, 16], "texture": "#1"},
				"down": {"uv": [1, 0, 16, 16], "texture": "#1"}
			}
		},
		{
			"name": "hexadecagon",
			"from": [6.60761, 0, 1],
			"to": [9.39239, 7, 15],
			"rotation": {"angle": -22.5, "axis": "y", "origin": [8, 8, 8]},
			"faces": {
				"north": {"uv": [0, 0, 15, 16], "texture": "#1"},
				"east": {"uv": [1, 0, 16, 16], "texture": "#1"},
				"south": {"uv": [1, 0, 16, 16], "texture": "#1"},
				"west": {"uv": [1, 0, 16, 16], "texture": "#1"},
				"up": {"uv": [1, 0, 16, 16], "texture": "#1"},
				"down": {"uv": [1, 0, 16, 16], "texture": "#1"}
			}
		},
		{
			"name": "hexadecagon",
			"from": [6.60761, 0, 1],
			"to": [9.39239, 7, 15],
			"rotation": {"angle": 0, "axis": "y", "origin": [8, 8, 8]},
			"faces": {
				"north": {"uv": [0, 0, 15, 16], "texture": "#1"},
				"east": {"uv": [1, 0, 16, 16], "texture": "#1"},
				"south": {"uv": [1, 0, 16, 16], "texture": "#1"},
				"west": {"uv": [1, 0, 16, 16], "texture": "#1"},
				"up": {"uv": [1, 0, 16, 16], "texture": "#1"},
				"down": {"uv": [1, 0, 16, 16], "texture": "#1"}
			}
		},
		{
			"name": "hexadecagon",
			"from": [6.60761, 0, 1],
			"to": [9.39239, 7, 15],
			"rotation": {"angle": 22.5, "axis": "y", "origin": [8, 8, 8]},
			"faces": {
				"north": {"uv": [0, 0, 15, 16], "texture": "#1"},
				"east": {"uv": [1, 0, 16, 16], "texture": "#1"},
				"south": {"uv": [1, 0, 16, 16], "texture": "#1"},
				"west": {"uv": [1, 0, 16, 16], "texture": "#1"},
				"up": {"uv": [1, 0, 16, 16], "texture": "#1"},
				"down": {"uv": [1, 0, 16, 16], "texture": "#1"}
			}
		},
		{
			"name": "hexadecagon",
			"from": [6.60761, 0, 1],
			"to": [9.39239, 7, 15],
			"rotation": {"angle": 45, "axis": "y", "origin": [8, 8, 8]},
			"faces": {
				"north": {"uv": [0, 0, 15, 16], "texture": "#1"},
				"east": {"uv": [1, 0, 16, 16], "texture": "#1"},
				"south": {"uv": [1, 0, 16, 16], "texture": "#1"},
				"west": {"uv": [1, 0, 16, 16], "texture": "#1"},
				"up": {"uv": [1, 0, 16, 16], "texture": "#1"},
				"down": {"uv": [1, 0, 16, 16], "texture": "#1"}
			}
		},
		{
			"name": "hexadecagon",
			"from": [1, 0, 6.60761],
			"to": [15, 7, 9.39239],
			"rotation": {"angle": -22.5, "axis": "y", "origin": [8, 8, 8]},
			"faces": {
				"north": {"uv": [0, 0, 15, 16], "texture": "#1"},
				"east": {"uv": [1, 0, 16, 16], "texture": "#1"},
				"south": {"uv": [1, 0, 16, 16], "texture": "#1"},
				"west": {"uv": [1, 0, 16, 16], "texture": "#1"},
				"up": {"uv": [1, 0, 16, 16], "texture": "#1"},
				"down": {"uv": [1, 0, 16, 16], "texture": "#1"}
			}
		},
		{
			"name": "hexadecagon",
			"from": [1, 0, 6.60761],
			"to": [15, 7, 9.39239],
			"rotation": {"angle": 0, "axis": "y", "origin": [8, 8, 8]},
			"faces": {
				"north": {"uv": [0, 0, 15, 16], "texture": "#1"},
				"east": {"uv": [1, 0, 16, 16], "texture": "#1"},
				"south": {"uv": [1, 0, 16, 16], "texture": "#1"},
				"west": {"uv": [1, 0, 16, 16], "texture": "#1"},
				"up": {"uv": [1, 0, 16, 16], "texture": "#1"},
				"down": {"uv": [1, 0, 16, 16], "texture": "#1"}
			}
		},
		{
			"name": "hexadecagon",
			"from": [1, 0, 6.60761],
			"to": [15, 7, 9.39239],
			"rotation": {"angle": 22.5, "axis": "y", "origin": [8, 8, 8]},
			"faces": {
				"north": {"uv": [0, 0, 15, 16], "texture": "#1"},
				"east": {"uv": [1, 0, 16, 16], "texture": "#1"},
				"south": {"uv": [1, 0, 16, 16], "texture": "#1"},
				"west": {"uv": [1, 0, 16, 16], "texture": "#1"},
				"up": {"uv": [1, 0, 16, 16], "texture": "#1"},
				"down": {"uv": [1, 0, 16, 16], "texture": "#1"}
			}
		},
		{
			"from": [7.5, 6, 7.5],
			"to": [8.5, 29, 8.5],
			"faces": {
				"north": {"uv": [0, 0, 16, 16], "texture": "#2"},
				"east": {"uv": [0, 0, 16, 16], "texture": "#2"},
				"south": {"uv": [0, 0, 16, 16], "texture": "#2"},
				"west": {"uv": [0, 0, 16, 16], "texture": "#2"},
				"up": {"uv": [0, 0, 16, 16], "texture": "#2"},
				"down": {"uv": [0, 0, 16, 16], "texture": "#2"}
			}
		},
		{
			"from": [14.5, 15.25, 7.5],
			"to": [15.5, 21.75, 8.5],
			"rotation": {"angle": 22.5, "axis": "z", "origin": [0, 0, 0]},
			"faces": {
				"north": {"uv": [0, 0, 16, 16], "texture": "#2"},
				"east": {"uv": [0, 0, 16, 16], "texture": "#2"},
				"south": {"uv": [0, 0, 16, 16], "texture": "#2"},
				"west": {"uv": [0, 0, 16, 16], "texture": "#2"},
				"up": {"uv": [0, 0, 16, 16], "texture": "#2"},
				"down": {"uv": [0, 0, 16, 16], "texture": "#2"}
			}
		},
		{
			"from": [14.5, 3.75, 7.5],
			"to": [15.5, 10, 8.5],
			"rotation": {"angle": 45, "axis": "z", "origin": [0, 0, 0]},
			"faces": {
				"north": {"uv": [0, 0, 16, 16], "texture": "#2"},
				"east": {"uv": [0, 0, 16, 16], "texture": "#2"},
				"south": {"uv": [0, 0, 16, 16], "texture": "#2"},
				"west": {"uv": [0, 0, 16, 16], "texture": "#2"},
				"up": {"uv": [0, 0, 16, 16], "texture": "#2"},
				"down": {"uv": [0, 0, 16, 16], "texture": "#2"}
			}
		},
		{
			"from": [1.5, 16.25, 7.5],
			"to": [2.5, 22.75, 8.5],
			"rotation": {"angle": -22.5, "axis": "z", "origin": [0, 0, 0]},
			"faces": {
				"north": {"uv": [0, 0, 16, 16], "texture": "#2"},
				"east": {"uv": [0, 0, 16, 16], "texture": "#2"},
				"south": {"uv": [0, 0, 16, 16], "texture": "#2"},
				"west": {"uv": [0, 0, 16, 16], "texture": "#2"},
				"up": {"uv": [0, 0, 16, 16], "texture": "#2"},
				"down": {"uv": [0, 0, 16, 16], "texture": "#2"}
			}
		},
		{
			"from": [1.5, 20.5, 5.75],
			"to": [5.5, 25.75, 13.25],
			"rotation": {"angle": -22.5, "axis": "z", "origin": [0, 0, 0]},
			"faces": {
				"north": {"uv": [0, 0, 16, 16], "texture": "#3"},
				"east": {"uv": [0, 0, 16, 16], "texture": "#3"},
				"south": {"uv": [0, 0, 16, 16], "texture": "#3"},
				"west": {"uv": [0, 0, 16, 16], "texture": "#3"},
				"up": {"uv": [0, 0, 16, 16], "texture": "#3"},
				"down": {"uv": [0, 0, 16, 16], "texture": "#3"}
			}
		},
		{
			"from": [-3.5, 25.25, 5],
			"to": [3.5, 31.75, 12.5],
			"rotation": {"angle": -22.5, "axis": "z", "origin": [0, 0, 0]},
			"faces": {
				"north": {"uv": [0, 0, 16, 16], "texture": "#3"},
				"east": {"uv": [0, 0, 16, 16], "texture": "#3"},
				"south": {"uv": [0, 0, 16, 16], "texture": "#3"},
				"west": {"uv": [0, 0, 16, 16], "texture": "#3"},
				"up": {"uv": [0, 0, 16, 16], "texture": "#3"},
				"down": {"uv": [0, 0, 16, 16], "texture": "#3"}
			}
		},
		{
			"from": [5.5, 27.5, 5.5],
			"to": [9.5, 31.75, 15.5],
			"faces": {
				"north": {"uv": [0, 0, 16, 16], "texture": "#3"},
				"east": {"uv": [0, 0, 16, 16], "texture": "#3"},
				"south": {"uv": [0, 0, 16, 16], "texture": "#3"},
				"west": {"uv": [0, 0, 16, 16], "texture": "#3"},
				"up": {"uv": [0, 0, 16, 16], "texture": "#3"},
				"down": {"uv": [0, 0, 16, 16], "texture": "#3"}
			}
		},
		{
			"from": [10, 21.25, 4.5],
			"to": [15.75, 24.5, 14.5],
			"rotation": {"angle": 22.5, "axis": "z", "origin": [0, 0, 0]},
			"faces": {
				"north": {"uv": [0, 0, 16, 16], "texture": "#3"},
				"east": {"uv": [0, 0, 16, 16], "texture": "#3"},
				"south": {"uv": [0, 0, 16, 16], "texture": "#3"},
				"west": {"uv": [0, 0, 16, 16], "texture": "#3"},
				"up": {"uv": [0, 0, 16, 16], "texture": "#3"},
				"down": {"uv": [0, 0, 16, 16], "texture": "#3"}
			}
		},
		{
			"from": [10.75, 8.75, 2.5],
			"to": [17.5, 14.5, 12.5],
			"rotation": {"angle": 45, "axis": "z", "origin": [0, 0, 0]},
			"faces": {
				"north": {"uv": [0, 0, 16, 16], "texture": "#3"},
				"east": {"uv": [0, 0, 16, 16], "texture": "#3"},
				"south": {"uv": [0, 0, 16, 16], "texture": "#3"},
				"west": {"uv": [0, 0, 16, 16], "texture": "#3"},
				"up": {"uv": [0, 0, 16, 16], "texture": "#3"},
				"down": {"uv": [0, 0, 16, 16], "texture": "#3"}
			}
		},
		{
			"from": [-2.5, 25.5, 7.5],
			"to": [-1.5, 31.75, 8.5],
			"rotation": {"angle": -22.5, "axis": "z", "origin": [0, 0, 0]},
			"faces": {
				"north": {"uv": [0, 0, 16, 16], "texture": "#2"},
				"east": {"uv": [0, 0, 16, 16], "texture": "#2"},
				"south": {"uv": [0, 0, 16, 16], "texture": "#2"},
				"west": {"uv": [0, 0, 16, 16], "texture": "#2"},
				"up": {"uv": [0, 0, 16, 16], "texture": "#2"},
				"down": {"uv": [0, 0, 16, 16], "texture": "#2"}
			}
		}
	],
	"groups": [
		{
			"name": "hexadecagon",
			"origin": [8, 8, 8],
			"color": 0,
			"children": [0, 1, 2, 3, 4, 5, 6, 7, 8, 9, 10, 11, 12, 13, 14, 15]
		},
		{
			"name": "hexadecagon",
			"origin": [8, 8, 8],
			"color": 0,
			"children": [16, 17, 18, 19, 20, 21, 22, 23]
		},
		24,
		25,
		26,
		27,
		28,
		29,
		30,
		31,
		32,
		33
	]
}