{"stat.walkOneCm":5437,"stat.leaveGame":2,"stat.pickup.modoceanrp.logogn":3,"stat.drop.modoceanrp.logogn":3,"stat.pickup.modoceanrp.logosp":3,"stat.drop.modoceanrp.logosp":3,"stat.jump":192,"stat.swimOneCm":182,"stat.fallOneCm":33782,"stat.crouchOneCm":219,"stat.sprintOneCm":15220,"stat.useItem.minecraft.stone_slab2":1,"stat.useItem.minecraft.egg":1,"stat.damageTaken":210,"stat.flyOneCm":70844,"stat.deaths":1,"stat.drop":6,"stat.pickup.minecraft.wheat_seeds":1,"stat.pickup.minecraft.egg":1,"stat.playOneMinute":31555,"stat.entityKilledBy.Zombie":1,"stat.sneakTime":110,"stat.damageDealt":10,"stat.timeSinceDeath":9532,"stat.mineBlock.minecraft.tallgrass":2}