{"stat.chestOpened":4,"stat.walkOneCm":8549,"stat.pickup.minecraft.bone":3,"stat.useItem.minecraft.tnt":12,"stat.pickup.site19.top_line_blue":1,"stat.pickup.site19.top_line_green":1,"stat.jump":261,"stat.pickup.minecraft.iron_ingot":3,"stat.crouchOneCm":1624,"stat.pickup.site19.logo":1,"stat.pickup.minecraft.spider_eye":2,"stat.sprintOneCm":34261,"stat.useItem.minecraft.stone_slab2":88,"stat.pickup.minecraft.rotten_flesh":12,"stat.pickup.minecraft.sand":1,"stat.pickup.minecraft.saddle":1,"stat.flyOneCm":153361,"stat.pickup.minecraft.sandstone":4,"stat.drop":2,"stat.playOneMinute":70847,"stat.pickup.minecraft.cactus":1,"stat.sneakTime":608,"stat.damageDealt":9,"stat.timeSinceDeath":70847,"stat.pickup.minecraft.stained_hardened_clay":1,"stat.drop.site19.logo":1}