{"stat.walkOneCm":15650,"stat.leaveGame":2,"stat.pickup.modoceanrp.logogn":1,"stat.drop.modoceanrp.logogn":1,"stat.drop.modoceanrp.logo":1,"stat.pickup.modoceanrp.logosp":1,"stat.pickup.modoceanrp.asphalt_block_line_turn_2":1,"stat.drop.modoceanrp.logosp":1,"stat.jump":220,"stat.swimOneCm":147,"stat.climbOneCm":2829,"stat.fallOneCm":27438,"stat.crouchOneCm":2188,"stat.sprintOneCm":9537,"stat.useItem.minecraft.stone_slab2":116,"stat.damageTaken":1880,"stat.pickup.modoceanrp.logo":1,"stat.flyOneCm":106873,"stat.deaths":3,"stat.drop":3,"stat.mineBlock.minecraft.leaves":1,"stat.playOneMinute":87297,"stat.sneakTime":683,"stat.timeSinceDeath":81568}