{"stat.drop.site19.build_support":1,"stat.walkOneCm":60637,"stat.leaveGame":4,"stat.killEntity.Spider":1,"stat.drop.site19.white_wall":1,"stat.mobKills":1,"stat.useItem.minecraft.diamond_sword":4,"stat.pickup.minecraft.string":2,"stat.flyOneCm":33769,"stat.drop":2,"stat.jump":217,"stat.playOneMinute":228364,"stat.pickup.minecraft.cactus":1,"stat.sneakTime":2564,"stat.damageDealt":160,"stat.crouchOneCm":6601,"stat.pickup.site19.build_support":1,"stat.timeSinceDeath":228364,"stat.pickup.site19.white_wall":1,"stat.sprintOneCm":29626,"stat.useItem.minecraft.stone_slab2":335}