{
  "minecraft:recipes/transportation/acacia_boat": {
    "criteria": {
      "entered_water": "2022-01-22 17:32:35 +0100"
    },
    "done": true
  },
  "minecraft:recipes/transportation/dark_oak_boat": {
    "criteria": {
      "entered_water": "2022-01-22 17:32:35 +0100"
    },
    "done": true
  },
  "minecraft:recipes/transportation/birch_boat": {
    "criteria": {
      "entered_water": "2022-01-22 17:32:35 +0100"
    },
    "done": true
  },
  "minecraft:recipes/transportation/boat": {
    "criteria": {
      "entered_water": "2022-01-22 17:32:35 +0100"
    },
    "done": true
  },
  "minecraft:recipes/transportation/jungle_boat": {
    "criteria": {
      "entered_water": "2022-01-22 17:32:35 +0100"
    },
    "done": true
  },
  "minecraft:recipes/transportation/spruce_boat": {
    "criteria": {
      "entered_water": "2022-01-22 17:32:35 +0100"
    },
    "done": true
  },
  "minecraft:adventure/adventuring_time": {
    "criteria": {
      "desert_hills": "2022-01-23 12:17:59 +0100",
      "jungle_hills": "2022-01-21 22:49:31 +0100",
      "jungle_edge": "2022-01-23 11:50:30 +0100",
      "savanna": "2022-01-23 12:18:03 +0100",
      "jungle": "2022-01-21 22:49:48 +0100",
      "river": "2022-01-23 11:50:04 +0100",
      "desert": "2022-01-23 11:50:31 +0100"
    },
    "done": false
  }
}